INSERT INTO `progettouni`.`MisurazioneAmbientale` (`TimeStamp`, `Umidita`, `Temperatura`, `Illuminazione`, `Sezione`) VALUES ('2016-06-19 20:00:00', '50', '18', 'Bassa', '70');
INSERT INTO `progettouni`.`MisurazioneAmbientale` (`TimeStamp`, `Umidita`, `Temperatura`, `Illuminazione`, `Sezione`) VALUES ('2016-06-20 20:00:00', '50', '18', 'Bassa', '70');
INSERT INTO `progettouni`.`MisurazioneAmbientale` (`TimeStamp`, `Umidita`, `Temperatura`, `Illuminazione`, `Sezione`) VALUES ('2016-06-21 20:00:00', '50', '18', 'Bassa', '70');
INSERT INTO `progettouni`.`MisurazioneAmbientale` (`TimeStamp`, `Umidita`, `Temperatura`, `Illuminazione`, `Sezione`) VALUES ('2016-06-22 20:00:00', '50', '18', 'Bassa', '70');
INSERT INTO `progettouni`.`MisurazioneAmbientale` (`TimeStamp`, `Umidita`, `Temperatura`, `Illuminazione`, `Sezione`) VALUES ('2016-06-18 20:00:00', '50', '18', 'Bassa', '70');
INSERT INTO `progettouni`.`MisurazioneAmbientale` (`TimeStamp`, `Umidita`, `Temperatura`, `Illuminazione`, `Sezione`) VALUES ('2016-06-17 20:00:00', '50', '18', 'Bassa', '70');
INSERT INTO `progettouni`.`MisurazioneAmbientale` (`TimeStamp`, `Umidita`, `Temperatura`, `Illuminazione`, `Sezione`) VALUES ('2016-06-16 20:00:00', '50', '18', 'Bassa', '70');
INSERT INTO `progettouni`.`MisurazioneAmbientale` (`TimeStamp`, `Umidita`, `Temperatura`, `Illuminazione`, `Sezione`) VALUES ('2016-06-15 20:00:00', '50', '18', 'Bassa', '70');
INSERT INTO `progettouni`.`MisurazioneAmbientale` (`TimeStamp`, `Umidita`, `Temperatura`, `Illuminazione`, `Sezione`) VALUES ('2016-06-14 20:00:00', '50', '18', 'Bassa', '70');
INSERT INTO `progettouni`.`MisurazioneAmbientale` (`TimeStamp`, `Umidita`, `Temperatura`, `Illuminazione`, `Sezione`) VALUES ('2016-06-13 20:00:00', '50', '18', 'Bassa', '70');
INSERT INTO `progettouni`.`MisurazioneAmbientale` (`TimeStamp`, `Umidita`, `Temperatura`, `Illuminazione`, `Sezione`) VALUES ('2016-06-12 20:00:00', '50', '18', 'Bassa', '70');
INSERT INTO `progettouni`.`MisurazioneAmbientale` (`TimeStamp`, `Umidita`, `Temperatura`, `Illuminazione`, `Sezione`) VALUES ('2016-06-11 20:00:00', '50', '18', 'Bassa', '70');
INSERT INTO `progettouni`.`MisurazioneAmbientale` (`TimeStamp`, `Umidita`, `Temperatura`, `Illuminazione`, `Sezione`) VALUES ('2016-06-10 20:00:00', '50', '18', 'Bassa', '70');
INSERT INTO `progettouni`.`MisurazioneContenitore` (`TimeStamp`, `pH`, `Idratazione`, `Contenitore`) VALUES ('2016-06-18 21:20:00', 'FortementeAcido', 'Alta', '37872');
INSERT INTO `progettouni`.`MisurazioneContenitore` (`TimeStamp`, `pH`, `Idratazione`, `Contenitore`) VALUES ('2016-06-17 21:20:00', 'FortementeAcido', 'Alta', '37872');
INSERT INTO `progettouni`.`MisurazioneContenitore` (`TimeStamp`, `pH`, `Idratazione`, `Contenitore`) VALUES ('2016-06-16 21:20:00', 'FortementeAcido', 'Alta', '37872');
INSERT INTO `progettouni`.`MisurazioneContenitore` (`TimeStamp`, `pH`, `Idratazione`, `Contenitore`) VALUES ('2016-06-15 21:20:00', 'FortementeAcido', 'Alta', '37872');
INSERT INTO `progettouni`.`MisurazioneContenitore` (`TimeStamp`, `pH`, `Idratazione`, `Contenitore`) VALUES ('2016-06-14 21:20:00', 'FortementeAcido', 'Alta', '37872');
INSERT INTO `progettouni`.`MisurazioneContenitore` (`TimeStamp`, `pH`, `Idratazione`, `Contenitore`) VALUES ('2016-06-13 21:20:00', 'FortementeAcido', 'Alta', '37872');
INSERT INTO `progettouni`.`MisurazioneContenitore` (`TimeStamp`, `pH`, `Idratazione`, `Contenitore`) VALUES ('2016-06-12 21:20:00', 'FortementeAcido', 'Alta', '37872');
INSERT INTO `progettouni`.`MisurazioneContenitore` (`TimeStamp`, `pH`, `Idratazione`, `Contenitore`) VALUES ('2016-06-11 21:20:00', 'FortementeAcido', 'Alta', '37872');
INSERT INTO `progettouni`.`MisurazioneContenitore` (`TimeStamp`, `pH`, `Idratazione`, `Contenitore`) VALUES ('2016-06-10 21:20:00', 'FortementeAcido', 'Alta', '37872');
INSERT INTO `progettouni`.`MisurazioneContenitore` (`TimeStamp`, `pH`, `Idratazione`, `Contenitore`) VALUES ('2016-06-19 21:20:00', 'FortementeAcido', 'Alta', '37872');
INSERT INTO `progettouni`.`ReportDiagnostica` (`Data`, `Esemplare`, `TimeStampMisurazione`, `Sezione`) VALUES ('2016-06-19', '37872', '2016-06-19 20:00:00', '70');
INSERT INTO `progettouni`.`ReportDiagnostica` (`Data`, `Esemplare`, `TimeStampMisurazione`, `Sezione`) VALUES ('2016-06-18', '37872', '2016-06-18 20:00:00', '70');
INSERT INTO `progettouni`.`ReportDiagnostica` (`Data`, `Esemplare`, `TimeStampMisurazione`, `Sezione`) VALUES ('2016-06-17', '37872', '2016-06-17 20:00:00', '70');
INSERT INTO `progettouni`.`ReportDiagnostica` (`Data`, `Esemplare`, `TimeStampMisurazione`, `Sezione`) VALUES ('2016-06-16', '37872', '2016-06-16 20:00:00', '70');
INSERT INTO `progettouni`.`ReportDiagnostica` (`Data`, `Esemplare`, `TimeStampMisurazione`, `Sezione`) VALUES ('2016-06-15', '37872', '2016-06-15 20:00:00', '70');
INSERT INTO `progettouni`.`ReportDiagnostica` (`Data`, `Esemplare`, `TimeStampMisurazione`, `Sezione`) VALUES ('2016-06-14', '37872', '2016-06-14 20:00:00', '70');
INSERT INTO `progettouni`.`ReportDiagnostica` (`Data`, `Esemplare`, `TimeStampMisurazione`, `Sezione`) VALUES ('2016-06-13', '37872', '2016-06-13 20:00:00', '70');
INSERT INTO `progettouni`.`ReportDiagnostica` (`Data`, `Esemplare`, `TimeStampMisurazione`, `Sezione`) VALUES ('2016-06-12', '37872', '2016-06-12 20:00:00', '70');
INSERT INTO `progettouni`.`ReportDiagnostica` (`Data`, `Esemplare`, `TimeStampMisurazione`, `Sezione`) VALUES ('2016-06-11', '37872', '2016-06-11 20:00:00', '70');
INSERT INTO `progettouni`.`ReportDiagnostica` (`Data`, `Esemplare`, `TimeStampMisurazione`, `Sezione`) VALUES ('2016-06-10', '37872', '2016-06-10 20:00:00', '70');
